You can share this sheet with your spouse or trusted relatives. (added by V Muthu Krishnan)										
PAN	3232323			sasasass			sasas			
UID No. (Aadhaar Card) 										
Ration Card No.										
Blood Group										
Passport No.										
PassPort Expiry										
Driving License No.										
Driving License Expiry										
Voters ID Card No.										
EPF Account No./UAN										
PPF Account No.										
Sukanya Samriddhi Account No.										
Landline No.										
Landline Service Provider										
Mobile No.										
Mobile Service Provider										
Gas Consumer No.										
Gas Service Provider										
Electricity Account No.										
Electricity Service Provider										
Water Account No.										
Cable TV Account No.										
Cable TV Provider										
My Employee ID										
My Seat Location										
										
	Name	Contact No.	Address							
My Doctor										
My Friend										
Preferred Hospital Details										
Ambulance Service										
Health Insurance Company										
Hospitalisation Process Representative										
My Employer										
My Boss										
Emergency Contact at Work										
Others										
Financial Planner										
Agent/Broker										
Lawyer										
Chartered Accountant										
Health Insurance Agent										
Real Estate Agent										
Dentist										
										
INSURANCE DETAILS										
	Name of Insured	Insurance Type	Insurance Provider	Policy No.	Premium Amount	Due Date	Sum Assured			
1										
2										
										
BANK ACCOUNT										
	Name	Bank Name	Bank Address	Bank Phone No.	Bank Account No.	IFSC Code	Joint Holder/Nominee	Bank Relationship Manager		
1										
2										
										
PERSONAL PROPERTY DETAILS										
	Address	Date Acquired	Bank Name	Property Owners	Tenant Name	Tenant No.	Loan on Property	Bank Name	Bank Address	Loan Account No.
1										
2										
										
DEMAT/TRADING ACCOUNT	Name	Account No.	Account Type	Contact No. of Provider	Address of Provider	Joint Holder/Nominee				
1										
2										
										
DEPOSITS	Name	Account No.	Account Type	Contact No. of Provider	Address of Provider	Joint Holder/Nominee	Date of Deposit	Date of Maturity		
1										
2										
										
LOCATION OF IMPORTANT DOCUMENTS AND RECORDS										
										
Bank Locker 1										
Name of the Bank										
Address										
Locker No.										
Keys located at										
List of Contents										
										
										
Bank Locker 2										
Name of the Bank										
Address										
Locker No.										
Keys located at										
List of Contents										
										
										
										
Cheque Book(s) / Bank Passbook(s)										
Public Provident Fund (PPF) Passbook(s)										
Fixed Deposit Certificate(s)										
Tax Files (Income Tax / Wealth Tax / Gift Tax)										
Educational / Domicile / Marriage Certificates										
Court Decisions / Judgements /										
Pending Litigation										
Insurance Files (Life / Mediclaim / General)										
Property Ownership Document(s)										
Loan related Document(s)										
(e.g. Loan agreements etc.)										
Shares / Bonds / Units Certificates										
Rent Receipts, Tenancy Agreements										
(Correspondence with Landlord / Tenants)										
Receipts of Telephone / Gas / Electricity etc.										
Will(s)										
Passport										
Others:										
										
LOAN DETAILS	Type Of Loan	Loan A/c No	Amount	EMI	Start Date	End Date	Bank	Bank Address	Bank Contact No.	
1										
2										
										
										
OTHER DETAILS										
										
										
										
										
										
										
(Copy to New sheet if details are to be Added for Spouse, children, Parents etc.)										
